[
  {
    "ActionName": "Authorized Access: Nivalis",
    "SourceNode": "CyroAuth-Master",
    "Timestamp": "2026-02-04T15:22:11.6494282+03:00"
  },
  {
    "ActionName": "OPERATOR_AUTHORIZED: Nivalis",
    "SourceNode": "CyroAuth-Master",
    "Timestamp": "2026-02-04T15:25:45.0009048+03:00"
  },
  {
    "ActionName": "VAULT_DECRYPTED: Nivalis",
    "SourceNode": "CyroAuth-Master",
    "Timestamp": "2026-02-04T15:25:50.2670915+03:00"
  },
  {
    "ActionName": "OPERATOR_AUTHORIZED: Nivalis",
    "SourceNode": "CyroAuth-Master",
    "Timestamp": "2026-02-04T15:27:10.654635+03:00"
  },
  {
    "ActionName": "OPERATOR_AUTHORIZED: Nivalis",
    "SourceNode": "CyroAuth-Master",
    "Timestamp": "2026-02-04T15:31:15.9852319+03:00"
  },
  {
    "ActionName": "VAULT_DECRYPTED: Nivalis",
    "SourceNode": "CyroAuth-Master",
    "Timestamp": "2026-02-04T15:31:27.5939094+03:00"
  },
  {
    "ActionName": "OPERATOR_AUTHORIZED: Nivalis",
    "SourceNode": "CyroAuth-Master",
    "Timestamp": "2026-02-04T15:36:52.9190966+03:00"
  },
  {
    "ActionName": "VAULT_DECRYPTED: Nivalis",
    "SourceNode": "CyroAuth-Master",
    "Timestamp": "2026-02-04T15:37:05.0716687+03:00"
  },
  {
    "ActionName": "VAULT_DECRYPTED: Nivalis",
    "SourceNode": "CyroAuth-Master",
    "Timestamp": "2026-02-04T15:37:06.7409621+03:00"
  },
  {
    "ActionName": "VAULT_DECRYPTED: Nivalis",
    "SourceNode": "CyroAuth-Master",
    "Timestamp": "2026-02-04T15:37:08.0507322+03:00"
  },
  {
    "ActionName": "VAULT_DECRYPTED: Nivalis",
    "SourceNode": "CyroAuth-Master",
    "Timestamp": "2026-02-04T15:37:08.4002647+03:00"
  },
  {
    "ActionName": "VAULT_DECRYPTED: Nivalis",
    "SourceNode": "CyroAuth-Master",
    "Timestamp": "2026-02-04T15:37:08.5845235+03:00"
  },
  {
    "ActionName": "VAULT_DECRYPTED: Nivalis",
    "SourceNode": "CyroAuth-Master",
    "Timestamp": "2026-02-04T15:37:08.7334853+03:00"
  },
  {
    "ActionName": "VAULT_DECRYPTED: Nivalis",
    "SourceNode": "CyroAuth-Master",
    "Timestamp": "2026-02-04T15:37:08.9002338+03:00"
  },
  {
    "ActionName": "VAULT_DECRYPTED: Nivalis",
    "SourceNode": "CyroAuth-Master",
    "Timestamp": "2026-02-04T15:37:09.0664823+03:00"
  },
  {
    "ActionName": "VAULT_DECRYPTED: Nivalis",
    "SourceNode": "CyroAuth-Master",
    "Timestamp": "2026-02-04T15:37:09.2183556+03:00"
  },
  {
    "ActionName": "NEW_IDENTITY_SYNC: Nivaa",
    "SourceNode": "CyroAuth-Master",
    "Timestamp": "2026-02-04T15:37:22.1670756+03:00"
  },
  {
    "ActionName": "OPERATOR_AUTHORIZED: Nivaa",
    "SourceNode": "CyroAuth-Master",
    "Timestamp": "2026-02-04T15:39:55.593869+03:00"
  },
  {
    "ActionName": "VAULT_DECRYPTED: Nivaa",
    "SourceNode": "CyroAuth-Master",
    "Timestamp": "2026-02-04T15:43:04.4570619+03:00"
  }
]